total reward, running mean
1.000000, 1.000000
1.000000, 1.000000
0.000000, 0.990000
0.000000, 0.980100
0.000000, 0.970299
0.000000, 0.960596
2.000000, 0.970990
0.000000, 0.961280
2.000000, 0.971667
2.000000, 0.981951
3.000000, 1.002131
3.000000, 1.022110
2.000000, 1.031889
2.000000, 1.041570
3.000000, 1.061154
1.000000, 1.060543
3.000000, 1.079937
2.000000, 1.089138
3.000000, 1.108246
3.000000, 1.127164
3.000000, 1.145892
3.000000, 1.164433
4.000000, 1.192789
2.000000, 1.200861
3.000000, 1.218853
6.000000, 1.266664
7.000000, 1.323997
7.000000, 1.380757
6.000000, 1.426950
6.000000, 1.472680
2.000000, 1.477954
2.000000, 1.483174
6.000000, 1.528342
10.000000, 1.613059
3.000000, 1.626928
6.000000, 1.670659
2.000000, 1.673952
10.000000, 1.757213
6.000000, 1.799641
5.000000, 1.831644
2.000000, 1.833328
2.000000, 1.834995
13.000000, 1.946645
6.000000, 1.987178
2.000000, 1.987306
2.000000, 1.987433
2.000000, 1.987559
3.000000, 1.997683
6.000000, 2.037707
2.000000, 2.037330
2.000000, 2.036956
14.000000, 2.156587
2.000000, 2.155021
7.000000, 2.203471
6.000000, 2.241436
8.000000, 2.299022
0.000000, 2.276031
6.000000, 2.313271
10.000000, 2.390138
4.000000, 2.406237
14.000000, 2.522175
4.000000, 2.536953
6.000000, 2.571583
2.000000, 2.565867
14.000000, 2.680209
6.000000, 2.713407
6.000000, 2.746273
0.000000, 2.718810
0.000000, 2.691622
7.000000, 2.734706
3.000000, 2.737359
3.000000, 2.739985
2.000000, 2.732585
0.000000, 2.705259
3.000000, 2.708207
9.000000, 2.771125
11.000000, 2.853413
5.000000, 2.874879
11.000000, 2.956130
14.000000, 3.066569
27.000000, 3.305903
13.000000, 3.402844
17.000000, 3.538816
22.000000, 3.723428
1.000000, 3.696194
15.000000, 3.809232
19.000000, 3.961139
35.000000, 4.271528
34.000000, 4.568813
7.000000, 4.593124
41.000000, 4.957193
41.000000, 5.317621
42.000000, 5.684445
39.000000, 6.017601
9.000000, 6.047425
43.000000, 6.416950
44.000000, 6.792781
38.000000, 7.104853
36.000000, 7.393805
24.000000, 7.559866
11.000000, 7.594268
31.000000, 7.828325
3.000000, 7.780042
7.000000, 7.772241
30.000000, 7.994519
42.000000, 8.334574
23.000000, 8.481228
39.000000, 8.786416
42.000000, 9.118552
42.000000, 9.447366
46.000000, 9.812893
47.000000, 10.184764
46.000000, 10.542916
30.000000, 10.737487
45.000000, 11.080112
47.000000, 11.439311
47.000000, 11.794918
48.000000, 12.156969
47.000000, 12.505399
46.000000, 12.840345
47.000000, 13.181941
48.000000, 13.530122
48.000000, 13.874821
47.000000, 14.206073
48.000000, 14.544012
48.000000, 14.878572
32.000000, 15.049786
48.000000, 15.379288
48.000000, 15.705495
48.000000, 16.028440
23.000000, 16.098156
45.000000, 16.387174
48.000000, 16.703303
48.000000, 17.016270
48.000000, 17.326107
49.000000, 17.642846
14.000000, 17.606417
15.000000, 17.580353
49.000000, 17.894550
49.000000, 18.205604
47.000000, 18.493548
47.000000, 18.778613
48.000000, 19.070826
48.000000, 19.360118
47.000000, 19.636517
49.000000, 19.930152
49.000000, 20.220850
49.000000, 20.508642
48.000000, 20.783555
49.000000, 21.065720
49.000000, 21.345063
16.000000, 21.291612
21.000000, 21.288696
49.000000, 21.565809
22.000000, 21.570151
49.000000, 21.844449
17.000000, 21.796005
49.000000, 22.068045
50.000000, 22.347364
49.000000, 22.613891
49.000000, 22.877752
49.000000, 23.138974
23.000000, 23.137585
48.000000, 23.386209
49.000000, 23.642347
49.000000, 23.895923
49.000000, 24.146964
49.000000, 24.395494
49.000000, 24.641539
50.000000, 24.895124
50.000000, 25.146173
50.000000, 25.394711
50.000000, 25.640764
50.000000, 25.884356
50.000000, 26.125513
49.000000, 26.354258
50.000000, 26.590715
2.000000, 26.344808
4.000000, 26.121360
50.000000, 26.360146
48.000000, 26.576545
49.000000, 26.800779
49.000000, 27.022771
49.000000, 27.242544
49.000000, 27.460118
46.000000, 27.645517
48.000000, 27.849062
42.000000, 27.990571
13.000000, 27.840666
47.000000, 28.032259
49.000000, 28.241936
50.000000, 28.459517
50.000000, 28.674922
50.000000, 28.888173
7.000000, 28.669291
50.000000, 28.882598
50.000000, 29.093772
50.000000, 29.302834
50.000000, 29.509806
50.000000, 29.714708
50.000000, 29.917561
51.000000, 30.128385
50.000000, 30.327101
50.000000, 30.523830
50.000000, 30.718592
51.000000, 30.921406
50.000000, 31.112192
51.000000, 31.311070
50.000000, 31.497959
50.000000, 31.682980
36.000000, 31.726150
50.000000, 31.908889
50.000000, 32.089800
50.000000, 32.268902
50.000000, 32.446213
49.000000, 32.611751
50.000000, 32.785633
50.000000, 32.957777
50.000000, 33.128199
50.000000, 33.296917
50.000000, 33.463948
49.000000, 33.619308
50.000000, 33.783115
50.000000, 33.945284
50.000000, 34.105831
11.000000, 33.874773
51.000000, 34.046025
51.000000, 34.215565
51.000000, 34.383409
51.000000, 34.549575
50.000000, 34.704079
50.000000, 34.857039
50.000000, 35.008468
50.000000, 35.158384
50.000000, 35.306800
49.000000, 35.443732
46.000000, 35.549294
50.000000, 35.693801
49.000000, 35.826863
49.000000, 35.958595
50.000000, 36.099009
51.000000, 36.248019
50.000000, 36.385539
50.000000, 36.521683
50.000000, 36.656466
50.000000, 36.789902
50.000000, 36.922003
50.000000, 37.052783
50.000000, 37.182255
50.000000, 37.310432
50.000000, 37.437328
48.000000, 37.542955
34.000000, 37.507525
49.000000, 37.622450
22.000000, 37.466225
50.000000, 37.591563
50.000000, 37.715647
50.000000, 37.838491
51.000000, 37.970106
50.000000, 38.090405
51.000000, 38.219501
51.000000, 38.347306
51.000000, 38.473833
50.000000, 38.589095
51.000000, 38.713204
50.000000, 38.826072
51.000000, 38.947811
50.000000, 39.058333
50.000000, 39.167749
50.000000, 39.276072
51.000000, 39.393311
51.000000, 39.509378
51.000000, 39.624284
51.000000, 39.738042
51.000000, 39.850661
51.000000, 39.962154
51.000000, 40.072533
51.000000, 40.181808
51.000000, 40.289990
51.000000, 40.397090
51.000000, 40.503119
51.000000, 40.608088
51.000000, 40.712007
26.000000, 40.564887
51.000000, 40.669238
51.000000, 40.772545
51.000000, 40.874820
51.000000, 40.976072
51.000000, 41.076311
51.000000, 41.175548
51.000000, 41.273792
52.000000, 41.381054
52.000000, 41.487244
49.000000, 41.562372
50.000000, 41.646748
51.000000, 41.740280
51.000000, 41.832878
51.000000, 41.924549
52.000000, 42.025303
51.000000, 42.115050
51.000000, 42.203900
52.000000, 42.301861
51.000000, 42.388842
52.000000, 42.484954
51.000000, 42.570104
52.000000, 42.664403
52.000000, 42.757759
52.000000, 42.850181
52.000000, 42.941680
51.000000, 43.022263
51.000000, 43.102040
51.000000, 43.181020
51.000000, 43.259210
51.000000, 43.336618
52.000000, 43.423251
52.000000, 43.509019
52.000000, 43.593929
52.000000, 43.677989
52.000000, 43.761209
52.000000, 43.843597
51.000000, 43.915161
52.000000, 43.996010
52.000000, 44.076050
2.000000, 43.655289
51.000000, 43.728736
46.000000, 43.751449
47.000000, 43.783934
45.000000, 43.796095
48.000000, 43.838134
46.000000, 43.859753
52.000000, 43.941155
51.000000, 44.011744
52.000000, 44.091626
52.000000, 44.170710
51.000000, 44.239003
52.000000, 44.316613
52.000000, 44.393447
51.000000, 44.459512
51.000000, 44.524917
52.000000, 44.599668
52.000000, 44.673671
52.000000, 44.746935
52.000000, 44.819465
52.000000, 44.891271
52.000000, 44.962358
51.000000, 45.022734
51.000000, 45.082507
51.000000, 45.141682
51.000000, 45.200265
50.000000, 45.248262
51.000000, 45.305780
51.000000, 45.362722
51.000000, 45.419095
52.000000, 45.484904
52.000000, 45.550055
50.000000, 45.594554
51.000000, 45.648609
50.000000, 45.692123
50.000000, 45.735201
49.000000, 45.767849
38.000000, 45.690171
27.000000, 45.503269
31.000000, 45.358237
39.000000, 45.294654
26.000000, 45.101708
47.000000, 45.120691
42.000000, 45.089484
46.000000, 45.098589
42.000000, 45.067603
44.000000, 45.056927
51.000000, 45.116358
52.000000, 45.185194
52.000000, 45.253342
52.000000, 45.320809
51.000000, 45.377601
52.000000, 45.443825
52.000000, 45.509386
52.000000, 45.574292
52.000000, 45.638550
52.000000, 45.702164
51.000000, 45.755142
51.000000, 45.807591
51.000000, 45.859515
51.000000, 45.910920
50.000000, 45.951811
51.000000, 46.002293
51.000000, 46.052270
51.000000, 46.101747
51.000000, 46.150730
51.000000, 46.199222
52.000000, 46.257230
52.000000, 46.314658
52.000000, 46.371511
52.000000, 46.427796
52.000000, 46.483518
52.000000, 46.538683
52.000000, 46.593296
52.000000, 46.647363
52.000000, 46.700889
52.000000, 46.753881
52.000000, 46.806342
52.000000, 46.858278
52.000000, 46.909696
52.000000, 46.960599
51.000000, 47.000993
52.000000, 47.050983
52.000000, 47.100473
52.000000, 47.149468
52.000000, 47.197973
52.000000, 47.245994
52.000000, 47.293534
52.000000, 47.340598
52.000000, 47.387192
52.000000, 47.433321
52.000000, 47.478987
52.000000, 47.524197
52.000000, 47.568955
52.000000, 47.613266
52.000000, 47.657133
52.000000, 47.700562
52.000000, 47.743556
52.000000, 47.786121
52.000000, 47.828260
52.000000, 47.869977
52.000000, 47.911277
52.000000, 47.952164
52.000000, 47.992643
52.000000, 48.032716
52.000000, 48.072389
52.000000, 48.111665
52.000000, 48.150549
52.000000, 48.189043
52.000000, 48.227153
52.000000, 48.264881
52.000000, 48.302232
52.000000, 48.339210
52.000000, 48.375818
52.000000, 48.412060
52.000000, 48.447939
52.000000, 48.483460
51.000000, 48.508625
51.000000, 48.533539
52.000000, 48.568204
52.000000, 48.602522
52.000000, 48.636496
49.000000, 48.640131
47.000000, 48.623730
46.000000, 48.597493
50.000000, 48.611518
50.000000, 48.625403
52.000000, 48.659149
51.000000, 48.682557
51.000000, 48.705732
52.000000, 48.738674
52.000000, 48.771287
52.000000, 48.803575
52.000000, 48.835539
52.000000, 48.867183
52.000000, 48.898512
52.000000, 48.929527
52.000000, 48.960231
52.000000, 48.990629
52.000000, 49.020723
52.000000, 49.050515
52.000000, 49.080010
52.000000, 49.109210
51.000000, 49.128118
50.000000, 49.136837
51.000000, 49.155469
51.000000, 49.173914
52.000000, 49.202175
52.000000, 49.230153
52.000000, 49.257851
52.000000, 49.285273
52.000000, 49.312420
52.000000, 49.339296
52.000000, 49.365903
52.000000, 49.392244
51.000000, 49.408322
52.000000, 49.434238
52.000000, 49.459896
52.000000, 49.485297
52.000000, 49.510444
52.000000, 49.535340
52.000000, 49.559986
52.000000, 49.584386
52.000000, 49.608542
52.000000, 49.632457
52.000000, 49.656132
52.000000, 49.679571
51.000000, 49.692775
51.000000, 49.705848
51.000000, 49.718789
51.000000, 49.731601
51.000000, 49.744285
52.000000, 49.766842
52.000000, 49.789174
52.000000, 49.811282
52.000000, 49.833169
52.000000, 49.854838
52.000000, 49.876289
52.000000, 49.897526
52.000000, 49.918551
52.000000, 49.939366
52.000000, 49.959972
52.000000, 49.980372
52.000000, 50.000569
52.000000, 50.020563
52.000000, 50.040357
52.000000, 50.059954
51.000000, 50.069354
52.000000, 50.088661
52.000000, 50.107774
52.000000, 50.126696
52.000000, 50.145429
52.000000, 50.163975
52.000000, 50.182335
52.000000, 50.200512
52.000000, 50.218507
52.000000, 50.236322
52.000000, 50.253959
37.000000, 50.121419
52.000000, 50.140205
52.000000, 50.158803
52.000000, 50.177215
52.000000, 50.195443
52.000000, 50.213488
52.000000, 50.231353
52.000000, 50.249040
52.000000, 50.266549
52.000000, 50.283884
52.000000, 50.301045
52.000000, 50.318035
52.000000, 50.334854
52.000000, 50.351506
51.000000, 50.357991
51.000000, 50.364411
19.000000, 50.050767
50.000000, 50.050259
47.000000, 50.019756
51.000000, 50.029559
51.000000, 50.039263
52.000000, 50.058871
52.000000, 50.078282
52.000000, 50.097499
52.000000, 50.116524
52.000000, 50.135359
52.000000, 50.154005
52.000000, 50.172465
52.000000, 50.190740
51.000000, 50.198833
52.000000, 50.216845
51.000000, 50.224676
52.000000, 50.242430
52.000000, 50.260005
52.000000, 50.277405
51.000000, 50.284631
51.000000, 50.291785
51.000000, 50.298867
51.000000, 50.305878
52.000000, 50.322820
52.000000, 50.339591
52.000000, 50.356195
52.000000, 50.372633
52.000000, 50.388907
52.000000, 50.405018
52.000000, 50.420968
51.000000, 50.426758
52.000000, 50.442491
52.000000, 50.458066
52.000000, 50.473485
52.000000, 50.488750
52.000000, 50.503863
52.000000, 50.518824
51.000000, 50.523636
52.000000, 50.538399
52.000000, 50.553015
52.000000, 50.567485
52.000000, 50.581810
52.000000, 50.595992
52.000000, 50.610032
52.000000, 50.623932
51.000000, 50.627693
52.000000, 50.641416
52.000000, 50.655002
52.000000, 50.668452
52.000000, 50.681767
52.000000, 50.694949
52.000000, 50.708000
52.000000, 50.720920
52.000000, 50.733711
52.000000, 50.746374
52.000000, 50.758910
52.000000, 50.771321
52.000000, 50.783608
52.000000, 50.795772
51.000000, 50.797814
51.000000, 50.799836
52.000000, 50.811837
52.000000, 50.823719
52.000000, 50.835482
52.000000, 50.847127
52.000000, 50.858656
52.000000, 50.870069
52.000000, 50.881368
52.000000, 50.892555
52.000000, 50.903629
52.000000, 50.914593
52.000000, 50.925447
52.000000, 50.936193
45.000000, 50.876831
52.000000, 50.888062
52.000000, 50.899182
52.000000, 50.910190
52.000000, 50.921088
52.000000, 50.931877
52.000000, 50.942558
52.000000, 50.953133
52.000000, 50.963601
52.000000, 50.973965
52.000000, 50.984226
52.000000, 50.994383
52.000000, 51.004440
52.000000, 51.014395
52.000000, 51.024251
52.000000, 51.034009
52.000000, 51.043669
52.000000, 51.053232
52.000000, 51.062700
52.000000, 51.072073
52.000000, 51.081352
52.000000, 51.090538
52.000000, 51.099633
52.000000, 51.108637
52.000000, 51.117550
52.000000, 51.126375
52.000000, 51.135111
52.000000, 51.143760
52.000000, 51.152322
52.000000, 51.160799
52.000000, 51.169191
51.000000, 51.167499
52.000000, 51.175824
51.000000, 51.174066
51.000000, 51.172325
50.000000, 51.160602
51.000000, 51.158996
51.000000, 51.157406
51.000000, 51.155832
51.000000, 51.154274
52.000000, 51.162731
52.000000, 51.171104
52.000000, 51.179393
52.000000, 51.187599
52.000000, 51.195723
52.000000, 51.203766
52.000000, 51.211728
52.000000, 51.219611
52.000000, 51.227414
52.000000, 51.235140
52.000000, 51.242789
52.000000, 51.250361
52.000000, 51.257857
52.000000, 51.265279
52.000000, 51.272626
51.000000, 51.269900
51.000000, 51.267201
51.000000, 51.264529
51.000000, 51.261884
51.000000, 51.259265
42.000000, 51.166672
38.000000, 51.035005
42.000000, 50.944655
45.000000, 50.885209
42.000000, 50.796357
50.000000, 50.788393
49.000000, 50.770509
50.000000, 50.762804
50.000000, 50.755176
50.000000, 50.747624
52.000000, 50.760148
52.000000, 50.772547
51.000000, 50.774821
52.000000, 50.787073
51.000000, 50.789202
51.000000, 50.791310
52.000000, 50.803397
52.000000, 50.815363
52.000000, 50.827209
52.000000, 50.838937
51.000000, 50.840548
51.000000, 50.842142
51.000000, 50.843721
51.000000, 50.845284
51.000000, 50.846831
51.000000, 50.848363
52.000000, 50.859879
51.000000, 50.861280
52.000000, 50.872667
51.000000, 50.873941
52.000000, 50.885201
52.000000, 50.896349
52.000000, 50.907386
52.000000, 50.918312
52.000000, 50.929129
52.000000, 50.939838
52.000000, 50.950439
52.000000, 50.960935
52.000000, 50.971325
52.000000, 50.981612
52.000000, 50.991796
52.000000, 51.001878
52.000000, 51.011859
52.000000, 51.021741
52.000000, 51.031523
51.000000, 51.031208
52.000000, 51.040896
52.000000, 51.050487
51.000000, 51.049982
52.000000, 51.059482
52.000000, 51.068888
51.000000, 51.068199
52.000000, 51.077517
52.000000, 51.086742
45.000000, 51.025874
52.000000, 51.035615
52.000000, 51.045259
52.000000, 51.054807
52.000000, 51.064259
52.000000, 51.073616
52.000000, 51.082880
52.000000, 51.092051
52.000000, 51.101131
52.000000, 51.110119
52.000000, 51.119018
52.000000, 51.127828
52.000000, 51.136550
52.000000, 51.145184
52.000000, 51.153732
52.000000, 51.162195
52.000000, 51.170573
52.000000, 51.178867
52.000000, 51.187079
52.000000, 51.195208
52.000000, 51.203256
52.000000, 51.211223
52.000000, 51.219111
51.000000, 51.216920
52.000000, 51.224751
52.000000, 51.232503
50.000000, 51.220178
51.000000, 51.217976
51.000000, 51.215797
51.000000, 51.213639
51.000000, 51.211502
52.000000, 51.219387
52.000000, 51.227193
52.000000, 51.234921
52.000000, 51.242572
52.000000, 51.250146
51.000000, 51.247645
51.000000, 51.245168
52.000000, 51.252717
52.000000, 51.260190
51.000000, 51.257588
52.000000, 51.265012
51.000000, 51.262362
52.000000, 51.269738
51.000000, 51.267041
52.000000, 51.274370
51.000000, 51.271627
52.000000, 51.278910
51.000000, 51.276121
51.000000, 51.273360
52.000000, 51.280626
44.000000, 51.207820
44.000000, 51.135742
44.000000, 51.064385
42.000000, 50.973741
48.000000, 50.944003
52.000000, 50.954563
52.000000, 50.965018
52.000000, 50.975367
52.000000, 50.985614
52.000000, 50.995758
50.000000, 50.985800
50.000000, 50.975942
50.000000, 50.966183
50.000000, 50.956521
50.000000, 50.946956
52.000000, 50.957486
52.000000, 50.967911
52.000000, 50.978232
52.000000, 50.988450
52.000000, 50.998565
51.000000, 50.998580
51.000000, 50.998594
50.000000, 50.988608
51.000000, 50.988722
51.000000, 50.988835
52.000000, 50.998946
52.000000, 51.008957
52.000000, 51.018867
52.000000, 51.028679
52.000000, 51.038392
52.000000, 51.048008
52.000000, 51.057528
52.000000, 51.066952
51.000000, 51.066283
52.000000, 51.075620
51.000000, 51.074864
52.000000, 51.084115
51.000000, 51.083274
52.000000, 51.092441
52.000000, 51.101517
52.000000, 51.110502
52.000000, 51.119397
52.000000, 51.128203
52.000000, 51.136921
52.000000, 51.145552
52.000000, 51.154096
52.000000, 51.162555
52.000000, 51.170930
52.000000, 51.179220
52.000000, 51.187428
52.000000, 51.195554
52.000000, 51.203598
52.000000, 51.211562
52.000000, 51.219447
52.000000, 51.227252
51.000000, 51.224980
52.000000, 51.232730
51.000000, 51.230403
51.000000, 51.228099
51.000000, 51.225818
52.000000, 51.233559
52.000000, 51.241224
52.000000, 51.248812
52.000000, 51.256323
52.000000, 51.263760
50.000000, 51.251123
50.000000, 51.238611
51.000000, 51.236225
49.000000, 51.213863
51.000000, 51.211724
50.000000, 51.199607
51.000000, 51.197611
51.000000, 51.195635
50.000000, 51.183679
51.000000, 51.181842
52.000000, 51.190023
50.000000, 51.178123
52.000000, 51.186342
52.000000, 51.194478
52.000000, 51.202534
52.000000, 51.210508
52.000000, 51.218403
52.000000, 51.226219
52.000000, 51.233957
52.000000, 51.241617
52.000000, 51.249201
52.000000, 51.256709
52.000000, 51.264142
52.000000, 51.271501
52.000000, 51.278786
50.000000, 51.265998
51.000000, 51.263338
51.000000, 51.260705
51.000000, 51.258098
52.000000, 51.265517
52.000000, 51.272861
52.000000, 51.280133
44.000000, 51.207331
52.000000, 51.215258
52.000000, 51.223106
52.000000, 51.230874
52.000000, 51.238566
52.000000, 51.246180
52.000000, 51.253718
52.000000, 51.261181
52.000000, 51.268569
52.000000, 51.275884
52.000000, 51.283125
52.000000, 51.290294
52.000000, 51.297391
52.000000, 51.304417
52.000000, 51.311373
52.000000, 51.318259
52.000000, 51.325076
52.000000, 51.331825
52.000000, 51.338507
51.000000, 51.335122
51.000000, 51.331771
51.000000, 51.328453
51.000000, 51.325169
51.000000, 51.321917
52.000000, 51.328698
52.000000, 51.335411
52.000000, 51.342057
52.000000, 51.348636
52.000000, 51.355150
52.000000, 51.361598
52.000000, 51.367982
52.000000, 51.374302
52.000000, 51.380559
52.000000, 51.386754
52.000000, 51.392886
52.000000, 51.398957
52.000000, 51.404968
52.000000, 51.410918
52.000000, 51.416809
52.000000, 51.422641
52.000000, 51.428415
52.000000, 51.434130
52.000000, 51.439789
52.000000, 51.445391
52.000000, 51.450937
52.000000, 51.456428
52.000000, 51.461864
52.000000, 51.467245
52.000000, 51.472573
52.000000, 51.477847
52.000000, 51.483068
52.000000, 51.488238
52.000000, 51.493355
52.000000, 51.498422
51.000000, 51.493438
52.000000, 51.498503
51.000000, 51.493518
51.000000, 51.488583
51.000000, 51.483697
50.000000, 51.468860
51.000000, 51.464172
50.000000, 51.449530
50.000000, 51.435035
52.000000, 51.440684
52.000000, 51.446277
52.000000, 51.451815
52.000000, 51.457296
52.000000, 51.462723
52.000000, 51.468096
52.000000, 51.473415
52.000000, 51.478681
52.000000, 51.483894
52.000000, 51.489055
52.000000, 51.494165
52.000000, 51.499223
52.000000, 51.504231
52.000000, 51.509189
52.000000, 51.514097
51.000000, 51.508956
42.000000, 51.413866
51.000000, 51.409728
43.000000, 51.325630
49.000000, 51.302374
52.000000, 51.309350
52.000000, 51.316257
52.000000, 51.323094
52.000000, 51.329863
52.000000, 51.336565
51.000000, 51.333199
52.000000, 51.339867
52.000000, 51.346468
52.000000, 51.353004
52.000000, 51.359474
52.000000, 51.365879
52.000000, 51.372220
52.000000, 51.378498
52.000000, 51.384713
52.000000, 51.390866
52.000000, 51.396957
51.000000, 51.392987
52.000000, 51.399058
51.000000, 51.395067
52.000000, 51.401116
52.000000, 51.407105
52.000000, 51.413034
52.000000, 51.418904
52.000000, 51.424715
52.000000, 51.430468
50.000000, 51.416163
51.000000, 51.412001
51.000000, 51.407881
51.000000, 51.403802
51.000000, 51.399764
52.000000, 51.405767
52.000000, 51.411709
52.000000, 51.417592
52.000000, 51.423416
52.000000, 51.429182
52.000000, 51.434890
52.000000, 51.440541
51.000000, 51.436136
52.000000, 51.441774
52.000000, 51.447357
52.000000, 51.452883
52.000000, 51.458354
51.000000, 51.453771
52.000000, 51.459233
52.000000, 51.464641
52.000000, 51.469994
52.000000, 51.475294
52.000000, 51.480541
52.000000, 51.485736
52.000000, 51.490879
52.000000, 51.495970
52.000000, 51.501010
52.000000, 51.506000
52.000000, 51.510940
52.000000, 51.515831
52.000000, 51.520672
51.000000, 51.515466
52.000000, 51.520311
52.000000, 51.525108
52.000000, 51.529857
52.000000, 51.534558
52.000000, 51.539213
52.000000, 51.543821
52.000000, 51.548382
52.000000, 51.552899
52.000000, 51.557370
52.000000, 51.561796
52.000000, 51.566178
52.000000, 51.570516
52.000000, 51.574811
52.000000, 51.579063
52.000000, 51.583272
52.000000, 51.587439
52.000000, 51.591565
52.000000, 51.595649
52.000000, 51.599693
52.000000, 51.603696
52.000000, 51.607659
52.000000, 51.611582
52.000000, 51.615467
48.000000, 51.579312
52.000000, 51.583519
51.000000, 51.577684
52.000000, 51.581907
52.000000, 51.586088
52.000000, 51.590227
52.000000, 51.594325
52.000000, 51.598381
52.000000, 51.602398
52.000000, 51.606374
51.000000, 51.600310
51.000000, 51.594307
51.000000, 51.588364
51.000000, 51.582480
51.000000, 51.576655
51.000000, 51.570889
52.000000, 51.575180
52.000000, 51.579428
52.000000, 51.583634
52.000000, 51.587797
51.000000, 51.581919
52.000000, 51.586100
52.000000, 51.590239
52.000000, 51.594337
52.000000, 51.598393
51.000000, 51.592410
51.000000, 51.586485
52.000000, 51.590621
51.000000, 51.584714
51.000000, 51.578867
52.000000, 51.583079
52.000000, 51.587248
52.000000, 51.591375
52.000000, 51.595462
52.000000, 51.599507
52.000000, 51.603512
52.000000, 51.607477
52.000000, 51.611402
52.000000, 51.615288
52.000000, 51.619135
48.000000, 51.582944
3.000000, 51.097114
7.000000, 50.656143
50.000000, 50.649582
47.000000, 50.613086
52.000000, 50.626955
52.000000, 50.640685
51.000000, 50.644279
52.000000, 50.657836
52.000000, 50.671257
52.000000, 50.684545
52.000000, 50.697699
52.000000, 50.710722
52.000000, 50.723615
52.000000, 50.736379
35.000000, 50.579015
52.000000, 50.593225
52.000000, 50.607293
41.000000, 50.511220
52.000000, 50.526108
52.000000, 50.540847
52.000000, 50.555438
52.000000, 50.569884
52.000000, 50.584185
52.000000, 50.598343
52.000000, 50.612360
52.000000, 50.626236
52.000000, 50.639974
52.000000, 50.653574
51.000000, 50.657038
52.000000, 50.670468
52.000000, 50.683763
52.000000, 50.696926
52.000000, 50.709956
52.000000, 50.722857
52.000000, 50.735628
52.000000, 50.748272
52.000000, 50.760789
52.000000, 50.773181
52.000000, 50.785449
51.000000, 50.787595
50.000000, 50.779719
51.000000, 50.781922
51.000000, 50.784103
50.000000, 50.776262
52.000000, 50.788499
52.000000, 50.800614
52.000000, 50.812608
52.000000, 50.824482
52.000000, 50.836237
52.000000, 50.847875
52.000000, 50.859396
51.000000, 50.860802
51.000000, 50.862194
52.000000, 50.873572
51.000000, 50.874836
50.000000, 50.866088
51.000000, 50.867427
51.000000, 50.868753
50.000000, 50.860065
28.000000, 50.631465
28.000000, 50.405150
28.000000, 50.181098
28.000000, 49.959287
31.000000, 49.769695
50.000000, 49.771998
51.000000, 49.784278
50.000000, 49.786435
50.000000, 49.788570
51.000000, 49.800685
52.000000, 49.822678
52.000000, 49.844451
52.000000, 49.866007
52.000000, 49.887347
52.000000, 49.908473
52.000000, 49.929388
52.000000, 49.950094
52.000000, 49.970594
52.000000, 49.990888
52.000000, 50.010979
52.000000, 50.030869
52.000000, 50.050560
52.000000, 50.070055
52.000000, 50.089354
52.000000, 50.108461
50.000000, 50.107376
51.000000, 50.116302
50.000000, 50.115139
51.000000, 50.123988
51.000000, 50.132748
48.000000, 50.111420
48.000000, 50.090306
49.000000, 50.079403
49.000000, 50.068609
48.000000, 50.047923
50.000000, 50.047444
52.000000, 50.066969
52.000000, 50.086300
51.000000, 50.095437
51.000000, 50.104482
52.000000, 50.123437
51.000000, 50.132203
52.000000, 50.150881
51.000000, 50.159372
51.000000, 50.167779
51.000000, 50.176101
51.000000, 50.184340
51.000000, 50.192496
52.000000, 50.210571
52.000000, 50.228466
52.000000, 50.246181
52.000000, 50.263719
52.000000, 50.281082
52.000000, 50.298271
52.000000, 50.315288
52.000000, 50.332136
52.000000, 50.348814
52.000000, 50.365326
52.000000, 50.381673
51.000000, 50.387856
49.000000, 50.373978
50.000000, 50.370238
49.000000, 50.356535
49.000000, 50.342970
49.000000, 50.329540
52.000000, 50.346245
52.000000, 50.362782
52.000000, 50.379155
52.000000, 50.395363
51.000000, 50.401409
52.000000, 50.417395
52.000000, 50.433221
52.000000, 50.448889
52.000000, 50.464400
52.000000, 50.479756
52.000000, 50.494959
52.000000, 50.510009
52.000000, 50.524909
52.000000, 50.539660
52.000000, 50.554263
49.000000, 50.538721
51.000000, 50.543334
51.000000, 50.547900
50.000000, 50.542421
50.000000, 50.536997
52.000000, 50.551627
51.000000, 50.556111
52.000000, 50.570550
52.000000, 50.584844
52.000000, 50.598996
52.000000, 50.613006
52.000000, 50.626876
52.000000, 50.640607
51.000000, 50.644201
51.000000, 50.647759
52.000000, 50.661281
52.000000, 50.674668
52.000000, 50.687922
52.000000, 50.701043
52.000000, 50.714032
52.000000, 50.726892
52.000000, 50.739623
52.000000, 50.752227
52.000000, 50.764704
52.000000, 50.777057
51.000000, 50.779287
51.000000, 50.781494
51.000000, 50.783679
51.000000, 50.785842
51.000000, 50.787984
51.000000, 50.790104
51.000000, 50.792203
50.000000, 50.784281
51.000000, 50.786438
49.000000, 50.768574
51.000000, 50.770888
51.000000, 50.773179
51.000000, 50.775447
51.000000, 50.777693
52.000000, 50.789916
52.000000, 50.802017
52.000000, 50.813997
52.000000, 50.825857
52.000000, 50.837598
52.000000, 50.849222
51.000000, 50.850730
51.000000, 50.852223
51.000000, 50.853700
50.000000, 50.845163
50.000000, 50.836712
52.000000, 50.848345
52.000000, 50.859861
52.000000, 50.871262
52.000000, 50.882550
52.000000, 50.893724
52.000000, 50.904787
52.000000, 50.915739
52.000000, 50.926582
52.000000, 50.937316
51.000000, 50.937943
52.000000, 50.948563
52.000000, 50.959078
52.000000, 50.969487
52.000000, 50.979792
52.000000, 50.989994
51.000000, 50.990094
51.000000, 50.990193
51.000000, 50.990291
51.000000, 50.990389
51.000000, 50.990485
50.000000, 50.980580
50.000000, 50.970774
50.000000, 50.961066
50.000000, 50.951456
50.000000, 50.941941
50.000000, 50.932522
50.000000, 50.923196
50.000000, 50.913964
50.000000, 50.904825
50.000000, 50.895777
52.000000, 50.906819
52.000000, 50.917751
52.000000, 50.928573
52.000000, 50.939287
52.000000, 50.949894
52.000000, 50.960396
52.000000, 50.970792
50.000000, 50.961084
52.000000, 50.971473
52.000000, 50.981758
52.000000, 50.991941
52.000000, 51.002021
52.000000, 51.012001
52.000000, 51.021881
52.000000, 51.031662
52.000000, 51.041345
52.000000, 51.050932
51.000000, 51.050423
51.000000, 51.049918
51.000000, 51.049419
51.000000, 51.048925
52.000000, 51.058436
51.000000, 51.057851
51.000000, 51.057273
51.000000, 51.056700
51.000000, 51.056133
52.000000, 51.065572
52.000000, 51.074916
52.000000, 51.084167
51.000000, 51.083325
52.000000, 51.092492
52.000000, 51.101567
52.000000, 51.110551
52.000000, 51.119446
52.000000, 51.128252
37.000000, 50.986969
39.000000, 50.867099
39.000000, 50.748428
35.000000, 50.590944
45.000000, 50.535035
52.000000, 50.549684
52.000000, 50.564187
52.000000, 50.578546
52.000000, 50.592760
52.000000, 50.606832
52.000000, 50.620764
52.000000, 50.634557
52.000000, 50.648211
52.000000, 50.661729
52.000000, 50.675112
50.000000, 50.668360
51.000000, 50.671677
51.000000, 50.674960
51.000000, 50.678210
51.000000, 50.681428
52.000000, 50.694614
52.000000, 50.707668
52.000000, 50.720591
52.000000, 50.733385
52.000000, 50.746051
52.000000, 50.758591
51.000000, 50.761005
51.000000, 50.763395
52.000000, 50.775761
51.000000, 50.778003
52.000000, 50.790223
52.000000, 50.802321
52.000000, 50.814298
43.000000, 50.736155
52.000000, 50.748793
51.000000, 50.751306
52.000000, 50.763792
52.000000, 50.776155
52.000000, 50.788393
52.000000, 50.800509
52.000000, 50.812504
52.000000, 50.824379
52.000000, 50.836135
52.000000, 50.847774
52.000000, 50.859296
52.000000, 50.870703
52.000000, 50.881996
52.000000, 50.893176
52.000000, 50.904244
52.000000, 50.915202
49.000000, 50.896050
50.000000, 50.887089
51.000000, 50.888218
50.000000, 50.879336
51.000000, 50.880543
52.000000, 50.891737
52.000000, 50.902820
52.000000, 50.913792
52.000000, 50.924654
52.000000, 50.935407
52.000000, 50.946053
51.000000, 50.946593
52.000000, 50.957127
51.000000, 50.957556
52.000000, 50.967980
51.000000, 50.968300
52.000000, 50.978617
51.000000, 50.978831
51.000000, 50.979043
51.000000, 50.979252
52.000000, 50.989460
52.000000, 50.999565
52.000000, 51.009570
52.000000, 51.019474
52.000000, 51.029279
51.000000, 51.028986
49.000000, 51.008697
49.000000, 50.988610
50.000000, 50.978723
50.000000, 50.968936
51.000000, 50.969247
51.000000, 50.969554
51.000000, 50.969859
51.000000, 50.970160
51.000000, 50.970459
52.000000, 50.980754
52.000000, 50.990947
52.000000, 51.001037
52.000000, 51.011027
52.000000, 51.020916
52.000000, 51.030707
52.000000, 51.040400
52.000000, 51.049996
52.000000, 51.059496
52.000000, 51.068901
52.000000, 51.078212
52.000000, 51.087430
52.000000, 51.096556
52.000000, 51.105590
52.000000, 51.114534
52.000000, 51.123389
52.000000, 51.132155
52.000000, 51.140834
52.000000, 51.149425
52.000000, 51.157931
52.000000, 51.166352
50.000000, 51.154688
52.000000, 51.163141
52.000000, 51.171510
52.000000, 51.179795
52.000000, 51.187997
52.000000, 51.196117
52.000000, 51.204156
52.000000, 51.212114
52.000000, 51.219993
52.000000, 51.227793
52.000000, 51.235515
52.000000, 51.243160
52.000000, 51.250728
52.000000, 51.258221
51.000000, 51.255639
51.000000, 51.253082
51.000000, 51.250552
51.000000, 51.248046
51.000000, 51.245566
51.000000, 51.243110
52.000000, 51.250679
52.000000, 51.258172
52.000000, 51.265590
51.000000, 51.262935
52.000000, 51.270305
52.000000, 51.277602
52.000000, 51.284826
52.000000, 51.291978
52.000000, 51.299058
52.000000, 51.306067
51.000000, 51.303007
51.000000, 51.299977
52.000000, 51.306977
52.000000, 51.313907
52.000000, 51.320768
52.000000, 51.327560
52.000000, 51.334285
52.000000, 51.340942
52.000000, 51.347533
52.000000, 51.354057
52.000000, 51.360517
52.000000, 51.366912
52.000000, 51.373242
52.000000, 51.379510
48.000000, 51.345715
49.000000, 51.322258
50.000000, 51.309035
50.000000, 51.295945
49.000000, 51.272985
52.000000, 51.280255
52.000000, 51.287453
52.000000, 51.294578
52.000000, 51.301633
51.000000, 51.298616
52.000000, 51.305630
52.000000, 51.312574
52.000000, 51.319448
52.000000, 51.326254
52.000000, 51.332991
52.000000, 51.339661
52.000000, 51.346265
52.000000, 51.352802
52.000000, 51.359274
52.000000, 51.365681
52.000000, 51.372024
52.000000, 51.378304
52.000000, 51.384521
52.000000, 51.390676
52.000000, 51.396769
50.000000, 51.382801
51.000000, 51.378973
51.000000, 51.375184
51.000000, 51.371432
51.000000, 51.367717
52.000000, 51.374040
52.000000, 51.380300
52.000000, 51.386497
52.000000, 51.392632
52.000000, 51.398706
51.000000, 51.394719
52.000000, 51.400771
51.000000, 51.396764
51.000000, 51.392796
52.000000, 51.398868
52.000000, 51.404879
52.000000, 51.410831
52.000000, 51.416722
52.000000, 51.422555
52.000000, 51.428330
48.000000, 51.394046
44.000000, 51.320106
45.000000, 51.256905
46.000000, 51.204336
46.000000, 51.152292
52.000000, 51.160769
52.000000, 51.169162
52.000000, 51.177470
52.000000, 51.185695
52.000000, 51.193838
52.000000, 51.201900
52.000000, 51.209881
52.000000, 51.217782
52.000000, 51.225604
52.000000, 51.233348
52.000000, 51.241015
52.000000, 51.248605
52.000000, 51.256119
52.000000, 51.263557
52.000000, 51.270922
51.000000, 51.268213
52.000000, 51.275531
52.000000, 51.282775
52.000000, 51.289948
52.000000, 51.297048
51.000000, 51.294078
51.000000, 51.291137
51.000000, 51.288225
51.000000, 51.285343
51.000000, 51.282490
51.000000, 51.279665
50.000000, 51.266868
51.000000, 51.264199
49.000000, 51.241558
50.000000, 51.229142
50.000000, 51.216851
52.000000, 51.224682
52.000000, 51.232435
50.000000, 51.220111
52.000000, 51.227910
52.000000, 51.235631
52.000000, 51.243274
51.000000, 51.240842
52.000000, 51.248433
52.000000, 51.255949
52.000000, 51.263389
51.000000, 51.260755
51.000000, 51.258148
51.000000, 51.255566
52.000000, 51.263011
50.000000, 51.250381
50.000000, 51.237877
51.000000, 51.235498
51.000000, 51.233143
49.000000, 51.210812
52.000000, 51.218704
52.000000, 51.226517
52.000000, 51.234251
52.000000, 51.241909
52.000000, 51.249490
48.000000, 51.216995
48.000000, 51.184825
48.000000, 51.152977
48.000000, 51.121447
48.000000, 51.090232
50.000000, 51.079330
51.000000, 51.078537
51.000000, 51.077751
51.000000, 51.076974
51.000000, 51.076204
51.000000, 51.075442
51.000000, 51.074688
51.000000, 51.073941
51.000000, 51.073201
51.000000, 51.072469
40.000000, 50.961745
33.000000, 50.782127
41.000000, 50.684306
40.000000, 50.577463
43.000000, 50.501688
45.000000, 50.446671
44.000000, 50.382205
40.000000, 50.278383
42.000000, 50.195599
45.000000, 50.143643
52.000000, 50.162206
51.000000, 50.170584
52.000000, 50.188879
52.000000, 50.206990
52.000000, 50.224920
52.000000, 50.242671
52.000000, 50.260244
52.000000, 50.277641
52.000000, 50.294865
52.000000, 50.311916
52.000000, 50.328797
52.000000, 50.345509
52.000000, 50.362054
52.000000, 50.378434
52.000000, 50.394649
50.000000, 50.390703
52.000000, 50.406796
52.000000, 50.422728
51.000000, 50.428501
50.000000, 50.424216
52.000000, 50.439973
52.000000, 50.455574
52.000000, 50.471018
52.000000, 50.486308
52.000000, 50.501445
52.000000, 50.516430
52.000000, 50.531266
51.000000, 50.535953
52.000000, 50.550594
51.000000, 50.555088
52.000000, 50.569537
52.000000, 50.583842
52.000000, 50.598003
51.000000, 50.602023
52.000000, 50.616003
51.000000, 50.619843
51.000000, 50.623644
51.000000, 50.627408
51.000000, 50.631134
51.000000, 50.634823
52.000000, 50.648474
52.000000, 50.661990
52.000000, 50.675370
52.000000, 50.688616
52.000000, 50.701730
52.000000, 50.714713
52.000000, 50.727565
52.000000, 50.740290
52.000000, 50.752887
52.000000, 50.765358
52.000000, 50.777704
52.000000, 50.789927
52.000000, 50.802028
52.000000, 50.814008
52.000000, 50.825868
51.000000, 50.827609
50.000000, 50.819333
50.000000, 50.811140
51.000000, 50.813028
51.000000, 50.814898
52.000000, 50.826749
52.000000, 50.838481
52.000000, 50.850097
52.000000, 50.861596
52.000000, 50.872980
52.000000, 50.884250
52.000000, 50.895407
52.000000, 50.906453
52.000000, 50.917389
52.000000, 50.928215
51.000000, 50.928933
52.000000, 50.939643
52.000000, 50.950247
52.000000, 50.960745
51.000000, 50.961137
52.000000, 50.971526
52.000000, 50.981810
52.000000, 50.991992
52.000000, 51.002072
52.000000, 51.012052
52.000000, 51.021931
52.000000, 51.031712
52.000000, 51.041395
52.000000, 51.050981
52.000000, 51.060471
51.000000, 51.059866
52.000000, 51.069268
51.000000, 51.068575
52.000000, 51.077889
52.000000, 51.087110
52.000000, 51.096239
52.000000, 51.105277
52.000000, 51.114224
52.000000, 51.123082
52.000000, 51.131851
52.000000, 51.140533
52.000000, 51.149127
52.000000, 51.157636
52.000000, 51.166060
52.000000, 51.174399
52.000000, 51.182655
52.000000, 51.190828
52.000000, 51.198920
52.000000, 51.206931
52.000000, 51.214862
51.000000, 51.212713
52.000000, 51.220586
52.000000, 51.228380
51.000000, 51.226096
51.000000, 51.223835
52.000000, 51.231597
52.000000, 51.239281
52.000000, 51.246888
52.000000, 51.254419
52.000000, 51.261875
49.000000, 51.239256
49.000000, 51.216864
50.000000, 51.204695
48.000000, 51.172648
49.000000, 51.150922
52.000000, 51.159412
52.000000, 51.167818
52.000000, 51.176140
51.000000, 51.174379
52.000000, 51.182635
51.000000, 51.180809
51.000000, 51.179001
51.000000, 51.177211
51.000000, 51.175438
51.000000, 51.173684
50.000000, 51.161947
51.000000, 51.160328
50.000000, 51.148724
49.000000, 51.127237
50.000000, 51.115965
52.000000, 51.124805
52.000000, 51.133557
52.000000, 51.142222
52.000000, 51.150799
52.000000, 51.159291
52.000000, 51.167698
52.000000, 51.176021
52.000000, 51.184261
52.000000, 51.192419
51.000000, 51.190494
50.000000, 51.178589
51.000000, 51.176804
51.000000, 51.175036
50.000000, 51.163285
49.000000, 51.141652
52.000000, 51.150236
52.000000, 51.158733
52.000000, 51.167146
52.000000, 51.175475
52.000000, 51.183720
51.000000, 51.181883
52.000000, 51.190064
52.000000, 51.198163
50.000000, 51.186182
52.000000, 51.194320
51.000000, 51.192377
52.000000, 51.200453
51.000000, 51.198448
51.000000, 51.196464
52.000000, 51.204499
52.000000, 51.212454
52.000000, 51.220330
52.000000, 51.228126
52.000000, 51.235845
52.000000, 51.243487
52.000000, 51.251052
52.000000, 51.258541
52.000000, 51.265956
51.000000, 51.263296
51.000000, 51.260663
50.000000, 51.248057
51.000000, 51.245576
51.000000, 51.243120
51.000000, 51.240689
50.000000, 51.228282
52.000000, 51.235999
52.000000, 51.243639
52.000000, 51.251203
52.000000, 51.258691
52.000000, 51.266104
52.000000, 51.273443
52.000000, 51.280709
52.000000, 51.287902
52.000000, 51.295023
52.000000, 51.302072
52.000000, 51.309052
52.000000, 51.315961
52.000000, 51.322801
52.000000, 51.329573
52.000000, 51.336278
52.000000, 51.342915
52.000000, 51.349486
52.000000, 51.355991
52.000000, 51.362431
52.000000, 51.368807
52.000000, 51.375119
52.000000, 51.381367
51.000000, 51.377554
51.000000, 51.373778
51.000000, 51.370040
47.000000, 51.326340
27.000000, 51.083077
52.000000, 51.092246
52.000000, 51.101323
5.000000, 50.640310
52.000000, 50.653907
52.000000, 50.667368
45.000000, 50.610694
52.000000, 50.624587
52.000000, 50.638342
48.000000, 50.611958
49.000000, 50.595839
47.000000, 50.559880
49.000000, 50.544281
50.000000, 50.538839
52.000000, 50.553450
52.000000, 50.567916
52.000000, 50.582236
52.000000, 50.596414
52.000000, 50.610450
52.000000, 50.624345
52.000000, 50.638102
51.000000, 50.641721
52.000000, 50.655304
52.000000, 50.668751
51.000000, 50.672063
51.000000, 50.675343
51.000000, 50.678589
51.000000, 50.681803
51.000000, 50.684985
52.000000, 50.698135
52.000000, 50.711154
52.000000, 50.724043
52.000000, 50.736802
52.000000, 50.749434
51.000000, 50.751940
